row,sourceName,sourceYears,approvedHigherUSD,proposedCustomerUSDCents,proposedAirportUSDCents,status,mappedVehicleId,eligibleModelYears
"1","Mercedes E200","21 - 22 - 2…","170","18700","9350","mapped_2022_plus_pending_release_gates","mercedes-e200","2022"
"2","Mercedes S500","22 / 23","500","55000","27500","mapped_2022_plus_pending_release_gates","mercedes-s500","2022,2023"
"3","Mercedes G-Class","22 - 23","550","60500","30250","mapped_2022_plus_pending_release_gates","mercedes-gclass","2022,2023"
"4","Mercedes V250","22 to 25","250","27500","13750","mapped_2022_plus_pending_release_gates","mercedes-v250","2022,2023,2024,2025"
"5","Mercedes V300","25 - 26 - 27","400","44000","22000","mapped_2022_plus_pending_release_gates","mercedes-v300","2025,2026,2027"
"6","Kia carval","26","200","22000","11000","held_source_model_or_year_confirmation","",""
"7","Kia K4","22 - 23","85","9350","4675","held_source_model_or_year_confirmation","",""
"8","Kia Sportage","26","120","13200","6600","mapped_2022_plus_pending_release_gates","kia-sportage","2026"
"9","Hyundai cn7","22 / 23","70","7700","3850","mapped_2022_plus_pending_release_gates","hyundai-elantra-cn7","2022,2023"
"10","Hyundai tuycan","22 / 25","100","11000","5500","held_source_model_or_year_confirmation","",""
"11","Hyundai accent","22 / 26","60","6600","3300","mapped_2022_plus_pending_release_gates","hyundai-accent","2022,2026"
"12","Jetour T2","26 / 27","150","16500","8250","mapped_2022_plus_pending_release_gates","jetour-t2","2026,2027"
"13","Jetour X70","26","80","8800","4400","mapped_2022_plus_pending_release_gates","jetour-x70","2026"
"14","Jetour X90","26","100","11000","5500","mapped_2022_plus_pending_release_gates","jetour-x90","2026"
"15","Soueast S05","26","80","8800","4400","mapped_2022_plus_pending_release_gates","soueast-s05","2026"
"16","Soueast S09","26","100","11000","5500","mapped_2022_plus_pending_release_gates","soueast-s09","2026"
"17","Soueast S07","26","80","8800","4400","mapped_2022_plus_pending_release_gates","soueast-s07","2026"
"18","Range Rover","22","280","30800","15400","mapped_2022_plus_pending_release_gates","range-rover","2022"
"19","Range Rover Sport","24 - 25","600","66000","33000","mapped_2022_plus_pending_release_gates","range-rover-sport","2024,2025"
"20","Nissan Sunny","22 / 25","60","6600","3300","mapped_2022_plus_pending_release_gates","nissan-sunny","2022,2025"
"21","Nissan Patrol","22 - 23","400","44000","22000","mapped_2022_plus_pending_release_gates","nissan-patrol","2022,2023"
"22","Nissan [model not stated]","26","700","77000","38500","held_source_model_or_year_confirmation","",""
"23","Land Cruiser","20 - 21","350","38500","19250","held_source_years_2020_2021_below_approved_2022","",""
"24","Land Cruiser","22 - 23 - 24 - 25","450","49500","24750","mapped_2022_plus_pending_release_gates","toyota-land-cruiser","2022,2023,2024,2025"
"25","Escalade","26","1000","110000","55000","mapped_2022_plus_pending_release_gates","cadillac-escalade","2026"
"26","H1","not stated","150","16500","8250","held_source_model_or_year_confirmation","",""
"27","Hiace","not stated","150","16500","8250","held_source_model_or_year_confirmation","",""
